<scenecontent>

  <objects>
    <model path="resources/objects/nanosuit/nanosuit.obj" id="model1"></model>
    <object name="themodel" modelid="model1" positionx="10"  ></object>
    <object name="themodel" modelid="model1" positionx="0" scalex="0.5" scaley="0.5" scalez="0.5" ></object>
    <object name="themodel" modelid="model1" positionx="-10" ></object>
    <object name="themodel" modelpath="resources/objects/atomic_bomb_-_easter_freebie/scene.gltf" scalex="0.5" scaley="0.5" scalez="0.5" postionx="40" postiony="40"  positionz="40"  ></object>
    <object name="themodel" modelpath="resources/objects/old_pocket_watch/scene.gltf" ></object>
    <cube positionx="0" positiony="0" positionz="0">
      <texture type="ambient" path="resources/textures/container2.png" id="ambient_texture"></texture>
      <texture type="specular" path="resources/textures/container2_specular.png" id="specular_texture1"></texture>
      <texture type="specular" path="resources/textures/window.png" id="specular_texture2"></texture>
    </cube>
    <cube positionx="5" positiony="5" positionz="5" colorr="255" scalex="10"> </cube>
    <cube positionx="0" positiony="0" positionz="5">
      <texture type="ambient" id="ambient_texture"></texture>
      <texture type="specular" id="specular_texture1"></texture>
      <texture type="specular" id="specular_texture2"></texture>
    </cube>
    <cube positionx="5" positiony="0" positionz="5">
      <texture type="ambient" id="ambient_texture"></texture>
      <texture type="specular" id="specular_texture1"></texture>
      <texture type="specular" id="specular_texture2"></texture>
    </cube>
    <cube positionx="5" positiony="5" positionz="5">
      <texture type="ambient" id="ambient_texture"></texture>
      <texture type="specular" id="specular_texture1"></texture>
      <texture type="specular" id="specular_texture2"></texture>
    </cube>
  </objects>

  <lights>
    <light type="point" positionx="5" positiony="5" positionz="5" colorb="1"  ></light>
  </lights>
  
  <lights>
    <light type="spot" positionx="5" positiony="5" positionz="5" colorr="1"  ></light>
  </lights>

  <cameras>
    <camera></camera> 
    <camera></camera> 
  </cameras>


  <skybox path="resources/textures/skybox"></skybox>

</scenecontent>